Microsoft Windows [VersiÃ³n 10.0.19045.2846]
(c) Microsoft Corporation. Todos los derechos reservados.

C:\Users\jrman>"C:\Program Files\MySQL\MySQL Shell 8.0\bin\mysqlsh.exe"
MySQL Shell 8.0.32

Copyright (c) 2016, 2023, Oracle and/or its affiliates.
Oracle is a registered trademark of Oracle Corporation and/or its affiliates.
Other names may be trademarks of their respective owners.

Type '\help' or '\?' for help; '\quit' to exit.
 MySQL  JS > \sql
Switching to SQL mode... Commands end with ;
 MySQL  SQL > \connect
\connect [--mx|--mysqlx|--mc|--mysql] [--ssh <sshuri>] <URI>
 MySQL  SQL > \connect --mc root@localhost
Creating a Classic session to 'root@localhost'
Please provide the password for 'root@localhost': ****
Save password for 'root@localhost'? [Y]es/[N]o/Ne[v]er (default No): n
Fetching global names for auto-completion... Press ^C to stop.
Your MySQL connection id is 8
Server version: 8.0.32 MySQL Community Server - GPL
No default schema selected; type \use <schema> to set one.
 MySQL  localhost:3306 ssl  SQL > show databases;
+--------------------+
| Database           |
+--------------------+
| agencia            |
| comp2              |
| company            |
| eva_2              |
| eva_3              |
| evaluacion_1       |
| human_resources    |
| information_schema |
| mysql              |
| performance_schema |
| sakila             |
| sys                |
| world              |
+--------------------+
13 rows in set (0.0010 sec)
 MySQL  localhost:3306 ssl  SQL > use eva_2;
Default schema set to `eva_2`.
Fetching global names, object names from `eva_2` for auto-completion... Press ^C to stop.
 MySQL  localhost:3306 ssl  eva_2  SQL > \use eva_3;
Default schema set to `eva_3`.
Fetching global names, object names from `eva_3` for auto-completion... Press ^C to stop.
 MySQL  localhost:3306 ssl  eva_3  SQL > show tables;
Empty set (0.0011 sec)
 MySQL  localhost:3306 ssl  eva_3  SQL > select from regresa_uno();
ERROR: 1064 (42000): You have an error in your SQL syntax; check the manual that corresponds to your MySQL server version for the right syntax to use near 'from regresa_uno()' at line 1
 MySQL  localhost:3306 ssl  eva_3  SQL > select regresa_mensaje('Jesus Arellano') as mensaje;
ERROR: 1305 (42000): FUNCTION eva_3.regresa_mensaje does not exist
 MySQL  localhost:3306 ssl  eva_3  SQL > select regresa_mensaje('Jesus Arellano') as mensaje;
+--------------------+
| mensaje            |
+--------------------+
| HolaJesus Arellano |
+--------------------+
1 row in set (0.0008 sec)
 MySQL  localhost:3306 ssl  eva_3  SQL > select regresa_uno;
ERROR: 1054 (42S22): Unknown column 'regresa_uno' in 'field list'
 MySQL  localhost:3306 ssl  eva_3  SQL > select regresa_uno as 1;
ERROR: 1064 (42000): You have an error in your SQL syntax; check the manual that corresponds to your MySQL server version for the right syntax to use near '1' at line 1
 MySQL  localhost:3306 ssl  eva_3  SQL > show databases;
+--------------------+
| Database           |
+--------------------+
| agencia            |
| comp2              |
| company            |
| eva_2              |
| eva_3              |
| evaluacion_1       |
| human_resources    |
| information_schema |
| mysql              |
| performance_schema |
| sakila             |
| sys                |
| world              |
+--------------------+
13 rows in set (0.0008 sec)
 MySQL  localhost:3306 ssl  eva_3  SQL > use sakila;
Default schema set to `sakila`.
Fetching global names, object names from `sakila` for auto-completion... Press ^C to stop.
 MySQL  localhost:3306 ssl  sakila  SQL > show tables;
+----------------------------+
| Tables_in_sakila           |
+----------------------------+
| actor                      |
| actor_info                 |
| address                    |
| category                   |
| city                       |
| country                    |
| customer                   |
| customer_list              |
| film                       |
| film_actor                 |
| film_category              |
| film_list                  |
| film_text                  |
| inventory                  |
| language                   |
| nicer_but_slower_film_list |
| payment                    |
| rental                     |
| sales_by_film_category     |
| sales_by_store             |
| staff                      |
| staff_list                 |
| store                      |
+----------------------------+
23 rows in set (0.0014 sec)
 MySQL  localhost:3306 ssl  sakila  SQL > select count(*) from actor;
+----------+
| count(*) |
+----------+
|      200 |
+----------+
1 row in set (0.0118 sec)
 MySQL  localhost:3306 ssl  sakila  SQL > desc cactor;
ERROR: 1146 (42S02): Table 'sakila.cactor' doesn't exist
 MySQL  localhost:3306 ssl  sakila  SQL > desc actor;
+-------------+-------------------+------+-----+-------------------+-----------------------------------------------+
| Field       | Type              | Null | Key | Default           | Extra                                         |
+-------------+-------------------+------+-----+-------------------+-----------------------------------------------+
| actor_id    | smallint unsigned | NO   | PRI | NULL              | auto_increment                                |
| first_name  | varchar(45)       | NO   |     | NULL              |                                               |
| last_name   | varchar(45)       | NO   | MUL | NULL              |                                               |
| last_update | timestamp         | NO   |     | CURRENT_TIMESTAMP | DEFAULT_GENERATED on update CURRENT_TIMESTAMP |
+-------------+-------------------+------+-----+-------------------+-----------------------------------------------+
4 rows in set (0.0014 sec)
 MySQL  localhost:3306 ssl  sakila  SQL > \use eva_3;
Default schema set to `eva_3`.
Fetching global names, object names from `eva_3` for auto-completion... Press ^C to stop.
 MySQL  localhost:3306 ssl  eva_3  SQL > create table actor select * from sakila.actor;
Query OK, 200 rows affected (0.0281 sec)

Records: 200  Duplicates: 0  Warnings: 0
 MySQL  localhost:3306 ssl  eva_3  SQL > desc actor;
+-------------+-------------------+------+-----+-------------------+-----------------------------------------------+
| Field       | Type              | Null | Key | Default           | Extra                                         |
+-------------+-------------------+------+-----+-------------------+-----------------------------------------------+
| actor_id    | smallint unsigned | NO   |     | 0                 |                                               |
| first_name  | varchar(45)       | NO   |     | NULL              |                                               |
| last_name   | varchar(45)       | NO   |     | NULL              |                                               |
| last_update | timestamp         | NO   |     | CURRENT_TIMESTAMP | DEFAULT_GENERATED on update CURRENT_TIMESTAMP |
+-------------+-------------------+------+-----+-------------------+-----------------------------------------------+
4 rows in set (0.0018 sec)
 MySQL  localhost:3306 ssl  eva_3  SQL > select count(*) actor;
+-------+
| actor |
+-------+
|     1 |
+-------+
1 row in set (0.0003 sec)
 MySQL  localhost:3306 ssl  eva_3  SQL > select count(*) from actor;
+----------+
| count(*) |
+----------+
|      200 |
+----------+
1 row in set (0.0015 sec)
 MySQL  localhost:3306 ssl  eva_3  SQL > select contar_actor() as actores;
+---------+
| actores |
+---------+
|     200 |
+---------+
1 row in set (0.0020 sec)
 MySQL  localhost:3306 ssl  eva_3  SQL > select regresa_uno();
+---------------+
| regresa_uno() |
+---------------+
|             1 |
+---------------+
1 row in set (0.0007 sec)